;tags
2;another
15;another
19;gothic
24;another
27;another
31;another
35;another
37;another
41;another
42;another
49;another
50;another
54;another
61;another
63;another
64;another
70;another
71;another
72;another
77;another
84;another
86;another
99;another
100;another
102;another
116;another
121;another
135;another
137;another
147;another
148;another
151;another
158;another
166;another
169;another
176;another
178;another
179;another
183;another
188;another
195;another
200;gothic
207;another
210;another
214;another
216;another
221;another
224;another
232;another
233;another
234;gothic
241;another
243;another
246;another
256;another
257;another
262;another
263;another
264;another
266;another
277;another
278;another
285;another
286;another
287;another
298;another
300;another
303;another
306;another
307;another
308;another
309;another
310;another
317;another
320;another
321;another
326;another
335;another
345;another
346;another
351;another
353;another
373;another
374;another
380;another
382;another
385;another
386;another
393;another
397;another
398;another
401;another
412;another
414;another
416;another
419;another
421;another
428;another
430;another
435;another
448;another
458;another
460;another
461;another
464;another
473;another
484;another
485;another
487;another
490;another
491;another
497;another
500;another
522;another
523;another
530;another
535;another
537;another
541;another
546;another
559;another
560;another
571;another
572;another
576;another
577;another
578;another
579;another
581;another
587;another
589;another
591;another
593;another
597;another
604;another
605;another
612;another
615;another
622;another
628;another
631;another
632;another
633;another
640;another
641;another
643;another
648;another
657;another
660;another
666;another
668;another
669;another
677;another
678;another
685;another
708;another
722;another
727;another
728;another
739;another
740;another
747;another
751;another
754;another
756;another
758;another
768;another
770;another
783;another
784;another
789;another
794;another
806;another
811;another
826;another
828;another
836;another
837;another
841;another
842;another
849;another
855;another
857;another
858;another
863;another
866;another
871;another
875;another
887;another
891;another
892;another
898;another
906;another
914;another
915;another
918;another
920;another
936;another
937;another
939;another
942;another
945;another
947;another
957;another
962;another
972;another
977;another
978;another
995;another
998;another
1004;another
1008;another
1010;another
1012;another
1014;another
1029;another
1030;another
1035;another
1036;another
1044;another
1059;another
1061;another
1069;another
1070;another
1071;another
1072;another
1080;another
1093;another
1094;another
1095;another
1099;another
1102;another
1111;another
1124;another
1130;another
1132;another
1133;another
1141;another
1147;another
1149;another
1153;another
1157;another
1160;another
1162;another
1163;another
1164;another
1166;another
1169;another
1171;another
1173;another
1175;another
1182;another
1184;another
1185;another
1186;another
1188;another
1191;another
1203;another
1207;another
1212;another
1224;another
1226;another
1236;another
1237;another
1245;another
1248;another
1250;another
1258;another
1262;another
1266;another
1269;another
1270;another
1284;another
1288;another
1306;gothic
1307;another
1310;another
1311;another
1313;another
1317;another
1322;another
1326;another
1327;another
1328;another
1332;another
1333;another
1337;another
1340;another
1354;another
1363;another
1364;another
1368;another
1370;another
1373;another
1378;another
1382;another
1387;another
1389;another
1392;another
1397;another
1403;another
1410;another
1414;another
1415;another
1417;another
1419;another
1428;another
1429;another
1430;another
1431;another
1443;another
1444;another
1447;another
1452;another
1461;another
1462;another
1470;another
1471;another
1473;another
1477;another
1479;another
1481;another
1493;another
1494;another
1498;another
1500;another
1501;another
1503;another
1504;another
1507;another
1508;another
1519;another
1520;another
1521;another
1527;another
1542;another
1543;another
1554;another
1561;another
1563;another
1566;another
1569;another
1587;another
1595;another
1600;another
1603;another
1605;another
1610;another
1619;another
1626;another
1632;another
1637;another
1638;another
1640;another
1644;another
1645;another
1648;another
1651;another
1656;another
1664;another
1670;another
1673;another
1678;another
1680;another
1682;another
1698;another
1703;another
1707;another
1709;another
1718;another
1721;another
1722;another
1723;another
1726;another
1729;another
1730;another
1732;another
1733;another
1735;another
1738;another
1740;another
1742;another
1744;gothic
1756;another
1757;another
1763;another
1769;another
1771;another
1774;another
1775;another
1776;another
1779;another
1780;another
1783;another
1784;another
1786;another
1788;another
1795;another
1796;another
1797;another
1806;another
1810;another
1812;another
1813;another
1824;another
1829;another
1837;another
1840;gothic
1848;another
1864;another
1867;another
1880;another
1883;another
1884;another
1888;another
1890;another
1892;another
1893;another
1901;another
1904;another
1909;another
1910;another
1921;another
1927;another
1939;another
1953;another
1954;another
1995;another
2001;another
2002;another
2005;another
2007;another
2012;another
2018;another
2022;another
2032;another
2035;another
2039;another
2041;another
2044;another
2048;another
2051;another
2052;another
2053;another
2057;another
2059;another
2065;another
2069;another
2077;another
2079;another
2082;another
2083;another
2085;another
2089;another
2102;another
2103;another
2105;another
2108;another
2110;another
2111;another
2121;another
2144;another
2157;another
2159;another
2165;another
2166;another
2170;another
2178;another
2179;another
2180;another
2182;another
2199;another
2200;another
2201;another
2212;another
2234;another
2239;another
2263;another
2267;another
2269;another
2272;another
2276;another
2277;another
2288;another
2294;another
2299;another
2300;another
2313;another
2315;another
2322;another
2327;another
2328;another
2329;another
2335;another
2338;another
2341;another
2343;another
2350;another
2364;another
2370;another
2374;another
2376;another
2381;another
2389;another
2392;another
2393;another
2395;another
2398;another
2405;another
2406;another
2414;another
2429;another
2436;another
2439;another
2447;another
2453;another
2455;another
2457;another
2469;another
2475;another
2478;another
2481;another
2486;another
2500;another
2501;another
2526;another
2542;another
2543;another
2548;another
2565;another
2567;another
2571;another
2573;another
2580;another
2581;another
2601;another
2610;another
2617;another
2620;another
2628;another
2630;another
2631;another
2635;another
2636;another
2638;another
2641;another
2644;another
2645;another
2653;another
2660;another
2665;another
2666;another
2669;another
2672;another
2674;another
2681;another
2691;another
2694;another
2695;another
2701;another
2702;another
2706;another
2709;another
2712;another
2721;another
2724;another
2725;another
2730;another
2731;another
2736;another
2737;another
2743;another
2758;another
2759;another
2762;another
2766;another
2767;another
2777;another
2781;another
2782;another
2783;another
2793;another
2800;another
2803;another
2806;another
2808;another
2809;another
2811;another
2814;another
2826;another
2827;another
2828;another
2829;another
2831;another
2832;another
2834;another
2848;another
2854;another
2855;another
2860;another
2866;another
2875;another
2876;another
2877;another
2881;another
2883;another
2890;another
2891;another
2895;another
2906;another
2911;another
2916;another
2918;another
2922;another
2924;another
2926;another
2931;another
2932;another
2933;another
2935;another
2944;another
2947;another
2950;another
2958;another
2961;another
2967;another
2982;another
2991;another
2995;another
2997;another
2999;another
3012;another
3020;another
3022;another
3026;another
3032;another
3033;another
3034;another
3037;another
3040;another
3043;gothic
3053;another
3063;another
3064;another
3066;another
3071;another
3097;another
3106;another
3112;another
3114;another
3115;another
3123;another
3127;another
3132;another
3142;another
3146;another
3147;another
3154;another
3156;another
3162;another
3165;another
3171;another
3195;another
3208;another
3209;another
3212;another
3213;another
3220;another
3222;another
3223;another
3224;another
3225;another
3232;another
3233;another
3238;another
3244;another
3247;another
3257;another
3263;another
3264;another
3279;another
3283;another
3290;another
3291;another
3296;another
3297;gothic
3298;another
3303;another
3308;another
3312;another
3319;another
3328;another
3333;another
3334;another
3342;another
3347;another
3350;another
3351;another
3365;gothic
3366;another
3375;another
3377;another
3381;another
3389;another
3403;another
3404;another
3407;another
3413;another
3414;another
3423;another
3427;another
3428;another
3430;another
3431;another
3436;another
3444;another
3449;another
3459;another
3465;another
3468;another
3469;another
3472;another
3482;another
3496;another
3501;another
3508;another
3514;another
3517;another
3530;another
3531;another
3538;another
3545;another
3549;another
3555;another
3556;another
3558;another
3561;another
3563;another
3566;another
3573;another
3574;another
3590;another
3593;another
3595;another
3603;another
3606;another
3619;another
3623;another
3625;another
3628;another
3632;another
3635;another
3637;another
3638;another
3639;another
3640;another
3646;another
3649;another
3650;another
3654;another
3659;another
3666;another
3667;another
3674;another
3675;another
3681;another
3687;another
3692;another
3713;another
3723;another
3724;another
3730;another
3751;another
3752;another
3756;another
3763;another
3764;another
3765;another
3766;another
3767;another
3768;another
3778;another
3793;another
3800;another
3802;another
3805;another
3813;another
3814;another
3815;another
3816;another
3824;another
3827;another
3839;another
3840;another
3868;another
3870;another
3879;another
3882;another
3890;another
3891;another
3892;another
3893;another
3896;another
3899;another
3902;another
3908;another
3917;another
3920;another
3923;another
3940;another
3941;another
3947;another
3954;another
3966;another
3967;another
3969;another
3974;another
3982;another
3989;another
3992;another
3993;another
3996;another
3997;another
4004;another
4006;another
4016;gothic
4018;another
4020;another
4030;another
4046;another
4047;another
4050;another
4053;another
4055;another
4074;another
4082;another
4084;another
4085;another
4087;another
4089;another
4092;another
4093;another
4103;another
4112;another
4116;another
4133;another
4137;another
4149;another
4151;another
4154;another
4162;another
4165;another
4171;another
4172;another
4177;another
4182;another
4188;another
4201;another
4206;another
4207;another
4230;another
4231;another
4236;another
4239;another
4242;another
4252;another
4258;another
4261;another
4263;another
4269;another
4272;another
4277;another
4278;gothic
4286;another
4301;another
4303;another
4307;another
4318;another
4319;another
4324;another
4326;another
4329;another
4330;another
4342;another
4349;another
4352;another
4354;another
4357;another
4358;another
4359;another
4362;another
4364;another
4366;another
4367;another
4374;another
4375;another
4392;another
4399;another
4403;another
4411;another
4429;another
4436;another
4438;another
4441;another
4444;another
4447;another
4458;another
4461;another
4463;another
4464;another
4468;another
4472;another
4473;another
4476;another
4484;another
4486;another
4492;another
4505;another
4513;another
4514;another
4516;another
4518;another
4519;another
4523;another
4530;another
4543;another
4547;another
4568;another
4573;another
4574;another
4579;another
4585;another
4590;another
4595;another
4601;another
4607;another
4609;another
4611;another
4631;another
4634;another
4643;another
4650;another
4653;another
4655;another
4661;another
4676;another
4678;another
4679;another
4687;another
4693;another
4695;another
4700;another
4703;another
4704;another
4707;another
4709;another
4710;another
4717;another
4720;another
4725;another
4727;another
4731;another
4736;another
4738;another
4743;another
4751;another
4757;another
4761;another
4762;another
4768;another
4770;another
4773;another
4780;another
4782;another
4793;another
4794;another
4799;another
4800;another
4805;another
4807;another
4813;another
4827;another
4828;another
4843;another
4848;another
4852;another
4853;another
4858;another
4862;another
4868;another
4869;another
4879;another
4880;another
4890;another
4898;another
4900;another
4901;another
4903;another
4906;another
4911;another
4913;another
4915;another
4916;another
4917;another
4926;another
4930;another
4932;another
4933;another
4935;another
4938;another
4940;another
4949;another
4962;another
4966;another
4969;another
4976;another
4981;another
4982;another
4985;another
4992;another
4993;another
4994;another
5009;another
5011;another
5014;another
5016;another
5019;another
5022;another
5025;another
5029;another
5038;another
5042;another
5047;another
5048;another
5056;another
5062;another
5065;another
5066;another
5070;another
5074;another
5076;another
5077;another
5078;another
5088;another
5089;another
5093;another
5094;another
5097;another
5101;another
5111;another
5116;another
5120;another
5126;another
5129;another
5130;another
5135;another
5137;another
5139;another
5147;another
5153;another
5155;another
5156;another
5159;another
5160;another
5166;another
5169;another
5179;another
5185;another
5186;another
5187;another
5194;another
5207;another
5208;another
5209;another
5233;another
5235;another
5238;another
5240;another
5241;another
5242;another
5249;another
5253;another
5254;another
5257;another
5259;another
5262;another
5267;another
5272;another
5275;another
5276;another
5286;another
5288;another
5293;another
5296;another
5297;another
5299;another
5301;another
5302;another
5304;another
5307;another
5311;another
5312;another
5325;another
5328;another
5331;another
5336;another
5340;another
5345;another
5352;another
5353;another
5358;another
5372;another
5395;another
5397;another
5400;another
5404;another
5405;another
5412;another
5413;another
5418;another
5431;another
5437;another
5438;another
5439;another
5443;another
5444;another
5445;another
5446;another
5455;another
5459;another
5462;another
5464;another
5467;another
5473;another
5474;another
5481;another
5487;another
5488;another
5491;another
5501;another
5504;another
5508;another
5511;another
5516;another
5523;another
5528;another
5536;another
5543;another
5546;another
5552;another
5555;another
5558;another
5559;another
5563;another
5564;another
5571;another
5573;another
5574;another
5581;another
5583;another
5592;another
5594;another
5598;another
5600;another
5602;another
5605;another
5612;another
5618;another
5642;another
5651;another
5653;another
5657;another
5666;another
5669;another
5673;another
5676;another
5677;another
5678;another
5679;another
5680;another
5692;another
5695;another
5711;another
5713;another
5716;another
5717;another
5718;another
5719;another
5725;another
5730;another
5736;another
5740;another
5751;another
5758;another
5761;another
5772;another
5775;another
5776;another
5781;another
5782;another
5786;another
5791;another
5796;another
5798;another
5802;another
5806;another
5832;another
5833;another
5834;another
5839;another
5842;another
5847;another
5848;another
5851;another
5855;another
5860;another
5862;another
5866;another
5874;another
5887;another
5891;another
5903;another
5908;another
5909;another
5923;another
5929;another
5931;another
5932;another
5942;another
5952;another
5954;another
5955;another
5963;another
5966;another
5969;another
5973;another
5974;another
5975;another
5977;another
5983;another
5996;another
5999;another
6011;another
6014;another
6018;another
6033;another
6037;another
6038;another
6039;another
6046;another
6047;another
6049;another
6062;another
6065;another
6066;another
6068;another
6070;another
6075;another
6076;another
6079;another
6085;another
6095;another
6098;another
6105;another
6109;another
6110;another
6111;another
6115;another
6120;another
6126;another
6128;another
6137;another
6138;another
6139;another
6142;another
6145;another
6148;another
6151;another
6157;another
6163;another
6167;another
6169;another
6178;another
6195;another
6196;another
6199;another
6200;another
6207;another
6210;another
6223;another
6230;another
6232;another
6233;another
6241;another
6245;another
6246;another
6252;another
6257;another
6270;another
6271;another
6274;another
6277;another
6281;another
6285;another
6294;another
6295;another
6296;another
6302;another
6305;another
6314;another
6316;another
6317;another
6318;another
6324;another
6334;another
6339;another
6340;another
6358;another
6381;another
6384;another
6404;another
6413;another
6414;another
6415;another
6422;another
6424;another
6426;another
6436;another
6440;another
6443;another
6445;another
6447;another
6449;another
6450;another
6452;another
6453;another
6458;another
6462;another
6466;another
6467;another
6471;another
6473;another
6482;another
6484;another
6486;another
6492;another
6494;another
6495;another
6503;another
6510;another
6513;another
6514;another
6522;another
6523;another
6527;another
6532;another
6533;another
6534;another
6536;another
6537;another
6540;another
6543;another
6548;another
6567;another
6579;another
6588;another
6589;another
6592;another
6593;another
6594;another
6599;another
6600;another
6601;another
6611;another
6617;another
6622;another
6628;another
6633;another
6641;another
6645;another
6649;another
6655;another
6662;another
6664;another
6676;another
6680;another
6683;another
6688;another
6691;another
6693;another
6695;another
6696;another
6698;another
6719;another
6744;another
6746;another
6748;another
6751;another
6752;another
6753;another
6758;another
6759;another
6761;another
6770;another
6775;another
6778;another
6780;another
6783;another
6792;another
6798;another
6799;another
6811;another
6813;another
6824;another
6842;another
6843;another
6845;another
6854;another
6862;another
6867;another
6875;another
6878;another
6881;another
6890;another
6892;another
6895;another
6899;another
6909;another
6916;another
6922;another
6927;another
6941;another
6950;another
6954;another
6963;another
6964;another
6966;another
6968;another
6969;another
6973;another
6975;another
6976;another
6982;another
6986;another
6990;another
6997;another
6998;another
7004;another
7013;another
7014;another
7028;another
7029;another
7030;another
7035;another
7038;another
7042;another
7045;another
7048;another
7053;another
7054;another
7058;another
7062;another
7071;another
7072;another
7073;another
7081;another
7082;another
7096;another
7106;another
7107;gothic
7108;another
7112;another
7118;another
7122;another
7127;another
7140;another
7144;another
7148;another
7152;another
7154;another
7156;another
7159;another
7168;another
7173;another
7188;another
7199;another
7202;another
7206;another
7224;another
7226;another
7251;another
7254;another
7272;another
7282;another
7292;another
7298;another
7301;another
7304;another
7313;another
7323;another
7340;another
7343;another
7360;another
7365;another
7367;another
7370;another
7372;another
7373;another
7378;another
7380;another
7383;another
7386;another
7390;another
7397;another
7411;another
7436;another
7449;another
7450;another
7451;another
7453;another
7464;another
7467;another
7481;another
7492;another
7495;another
7497;another
7503;another
7507;another
7509;another
7517;another
7534;another
7539;another
7544;gothic
7551;another
7552;another
7560;another
7566;another
7577;another
7578;another
7584;another
7587;another
7602;another
7607;another
7613;another
7616;another
7626;another
7627;another
7631;another
7636;another
7642;another
7645;another
7649;another
7652;another
7654;another
7657;another
7660;another
7669;another
7673;another
7680;another
7686;another
7687;another
7693;another
7698;another
7712;another
7725;another
7734;another
7736;another
7743;another
7745;another
7752;another
7761;another
7762;another
7768;another
7773;another
7783;another
7788;another
7790;another
7791;another
7792;another
7793;another
7794;another
7804;another
7805;another
7807;another
7817;another
7823;another
7824;another
7837;another
7838;another
7843;another
7844;another
7856;another
7865;another
7876;another
7879;another
7883;another
7895;another
7906;another
7909;another
7912;another
7913;another
7921;another
7928;another
7929;another
7934;another
7946;another
7948;another
7949;another
7952;another
7955;another
7957;another
7967;another
7968;another
7970;another
7977;another
7983;another
7986;another
7988;another
7990;another
7995;another
7999;another
8000;another
8009;another
8011;another
8012;another
8014;another
8017;another
8019;another
8028;another
8029;gothic
8033;another
8045;another
8047;another
8053;another
8054;another
8056;another
8064;another
8065;another
8067;another
8068;another
8079;another
8080;another
8085;another
8087;another
8090;another
8097;another
8100;another
8110;another
8115;another
8131;another
8134;another
8141;another
8147;another
8148;another
8151;another
8163;another
8181;another
8182;another
8195;another
8197;another
8201;another
8202;another
8203;another
8209;another
8211;another
8212;another
8218;another
8224;another
8231;another
8245;another
8251;another
8262;another
8272;another
8275;another
8277;another
8286;another
8287;another
8289;another
8293;another
8294;another
8303;another
8305;another
8311;another
8319;another
8323;another
8326;another
8329;another
8333;another
8334;another
8347;another
8349;another
8364;another
8367;another
8371;another
8377;another
8378;another
8381;another
8383;another
8389;another
8393;another
8396;another
8404;another
8407;another
8410;another
8433;another
8442;another
8450;another
8453;another
8455;another
8456;another
8463;another
8468;another
8473;another
8479;another
8481;another
8499;another
8500;another
8504;another
8505;another
8517;another
8532;another
8536;another
8544;another
8545;another
8548;another
8550;another
8556;another
8560;another
8563;another
8569;another
8589;another
8590;another
8592;another
8603;another
8606;another
8608;another
8609;another
8619;another
8625;another
8629;another
8630;another
8639;another
8640;gothic
8644;another
8646;another
8656;another
8658;another
8676;another
8679;another
8681;another
8695;another
8700;another
8716;another
8718;another
8724;another
8728;another
8731;another
8740;another
8742;another
8745;another
8749;another
8753;another
8755;another
8760;another
8761;another
8764;another
8767;another
8778;another
8783;another
8796;another
8799;another
8802;another
8804;another
8807;another
8813;another
8815;another
8818;another
8828;another
8834;another
8840;another
8841;another
8842;another
8857;gothic
8869;another
8872;another
8876;another
8881;another
8882;another
8886;another
8894;another
8895;another
8899;another
8908;another
8910;another
8914;another
8935;another
8940;another
8944;another
8954;another
8959;another
8963;another
8972;another
8979;another
8980;another
8999;another
9002;another
9005;another
9009;another
9027;another
9034;another
9035;another
9036;another
9040;another
9044;another
9046;another
9062;another
9070;another
9079;another
9080;another
9081;another
9082;another
9083;another
9084;gothic
9088;another
9096;another
9104;another
9106;another
9108;another
9109;another
9113;another
9118;another
9125;another
9127;another
9128;another
9130;another
9131;another
9137;another
9142;another
9143;another
9149;another
9153;another
9173;another
9177;another
9179;another
9180;another
9183;another
9189;another
9191;another
9195;another
9199;another
9209;another
9212;another
9215;another
9218;another
9227;another
9230;another
9231;another
9238;another
9240;another
9243;another
9247;another
9250;another
9251;another
9260;another
9267;another
9275;another
9277;another
9283;another
9285;another
9287;another
9288;another
9291;another
9292;another
9298;another
9300;another
9302;another
9314;another
9316;another
9319;another
9325;another
9331;another
9349;another
9353;another
9355;another
9356;another
9357;another
9358;another
9362;another
9365;another
9372;another
9376;another
9377;another
9382;another
9383;another
9391;another
9394;another
9403;another
9409;another
9410;another
9413;another
9429;another
9431;another
9434;another
9436;another
9437;another
9441;gothic
9444;another
9447;another
9453;another
9458;another
9468;another
9470;another
9473;another
9478;another
9486;another
9495;another
9496;another
9499;another
9509;another
9510;another
9513;another
9516;another
9522;another
9526;another
9530;another
9531;another
9536;another
9537;another
9538;another
9549;another
9552;another
9564;another
9572;another
9575;another
9579;another
9581;another
9587;another
9591;another
9594;another
9597;another
9598;another
9600;another
9610;another
9612;another
9634;another
9638;another
9644;another
9650;another
9658;another
9664;another
9666;another
9671;another
9676;another
9678;another
9682;another
9685;another
9697;another
9699;another
9706;another
9709;another
9710;another
9712;another
9714;another
9715;another
9725;another
9732;another
9741;another
9745;another
9748;another
9759;another
9765;another
9766;another
9776;another
9779;another
9781;another
9790;another
9797;another
9807;another
9812;another
9813;another
9815;another
9820;another
9823;another
9832;another
9847;another
9852;another
9853;another
9858;another
9860;another
9863;another
9865;another
9869;another
9873;another
9880;another
9885;another
9887;another
9898;another
9901;another
9904;another
9906;another
9910;another
9917;another
9918;another
9923;another
9929;another
9933;another
9935;another
9936;another
9938;another
9939;another
9940;another
9946;another
9947;another
9957;another
9965;another
9966;another
9973;another
9976;another
9979;another
9981;another
9986;another
9990;another
9991;another
9998;another
10002;another
10005;another
10007;another
10010;another
10011;another
10017;another
10020;another
10022;another
10029;another
10032;another
10036;another
10044;another
10045;another
10047;another
10058;another
10069;another
10071;another
10072;another
10074;another
10077;another
10083;another
10090;another
10093;another
10100;another
10101;another
10118;another
10119;another
10120;another
10123;another
10125;another
10127;another
10130;another
10134;another
10136;another
10147;another
10156;another
10157;another
10167;another
10169;another
10171;another
10172;another
10182;another
10192;another
10194;another
10197;another
10199;another
10206;another
10212;another
10216;another
10219;gothic
10224;another
10227;another
10233;another
10241;another
10246;another
10247;another
10248;another
10249;another
10250;another
10253;another
10261;another
10266;another
10270;another
10276;another
10278;another
10285;another
10291;another
10292;another
10299;another
10300;another
10301;another
10304;another
10305;another
10306;another
10308;another
10310;another
10313;another
10314;another
10321;another
10322;another
10328;another
10330;another
10334;another
10335;another
10345;another
10350;another
10351;another
10353;another
10361;another
10381;another
10385;another
10387;another
10389;another
10396;another
10410;another
10414;another
10416;another
10420;another
10421;another
10426;another
10427;another
10434;another
10435;another
10437;another
10438;another
10439;another
10457;another
10459;another
10461;another
10462;another
10463;another
10467;another
10468;another
10476;another
10491;another
10498;another
10501;another
10503;another
10507;another
10508;another
10513;another
10516;another
10518;gothic
10522;another
10523;another
10534;another
10535;another
10536;another
10551;another
10552;another
10554;another
10555;another
10561;another
10565;another
10573;another
10576;another
10577;another
10580;another
10582;another
10588;another
10594;another
10595;another
10606;another
10607;another
10609;another
10614;another
10616;another
10624;another
10625;another
10628;gothic
10631;another
10636;another
10638;another
10639;another
10645;another
10650;another
10655;another
10663;another
10667;another
10669;another
10671;another
10672;another
10673;another
10675;another
10676;another
10683;another
10688;another
10693;another
10696;another
10703;another
10708;another
10713;another
10731;another
10735;another
10742;another
10747;another
10752;another
10774;another
10777;another
10794;another
10796;another
10803;another
10808;another
10812;another
10815;another
10818;another
10820;another
10823;another
10834;another
10839;another
10842;another
10851;another
10857;another
10858;another
10864;another
10867;another
10868;another
10870;another
10871;another
10874;another
10875;another
10876;another
10878;another
10880;another
10892;another
10894;another
10897;another
10903;another
10908;another
10918;another
10927;another
10931;another
10934;another
10935;another
10940;another
10943;another
10953;another
10958;another
10959;another
10965;another
10980;another
10981;another
10984;another
10989;another
11004;another
11009;another
11012;another
11016;another
11021;another
11022;another
11024;another
11032;another
11034;another
11039;another
11044;another
11047;another
11048;another
11064;another
11068;another
11074;another
11076;another
11084;another
11095;another
11104;another
11114;another
11117;another
11132;another
11133;another
11134;another
11135;another
11139;another
11140;another
11145;another
11146;another
11151;another
11152;another
11163;another
11168;another
11169;another
11171;another
11172;another
11174;another
11177;another
11179;another
11198;another
11208;another
11209;another
11215;another
11217;another
11219;another
11224;another
11229;another
11230;another
11235;another
11240;another
11241;another
11245;another
11247;another
11259;another
11260;another
11262;another
11267;another
11284;another
11285;another
11286;another
11288;another
11291;another
11295;another
11297;another
11301;another
11308;another
11316;another
11320;another
11329;another
11335;another
11342;another
11345;another
11354;another
11358;another
11363;another
11372;another
11379;another
11385;another
11390;another
11392;another
11410;another
11412;another
11423;another
11425;another
11431;another
11437;another
11454;another
11455;another
11456;another
11457;another
11461;another
11465;another
11466;another
11470;another
11474;another
11475;another
11480;another
11494;another
11496;another
11514;another
11519;another
11528;another
11529;another
11535;another
11544;another
11546;another
11547;another
11549;another
11555;another
11558;another
11564;another
11566;another
11586;another
11591;another
11593;another
11598;another
11599;another
11602;another
11604;another
11620;another
11623;another
11626;another
11649;another
11650;another
11653;another
11655;another
11664;another
11678;another
11685;another
11686;another
11688;another
11695;another
11705;another
11706;another
11716;another
11726;another
11728;another
11733;another
11740;another
11749;another
11755;another
11760;another
11762;another
11765;another
11766;another
11773;another
11776;another
11779;another
11784;another
11792;gothic
11802;another
11806;another
11811;another
11812;another
11814;another
11817;gothic
11827;another
11828;another
11829;another
11830;another
11839;another
11841;another
11842;another
11844;another
11846;another
11866;another
11869;another
11870;another
11871;another
11897;another
11910;another
11911;another
11917;another
11921;another
11948;another
11953;another
11954;another
11959;another
11964;another
11966;another
11970;another
11974;another
11977;another
11978;another
11980;another
11993;another
12001;another
12009;another
12011;another
12014;another
12027;another
12029;another
12038;another
12040;another
12045;another
12050;another
12052;another
12059;another
12061;another
12063;another
12068;another
12075;another
12076;another
12077;another
12080;another
12081;another
12092;another
12103;another
12112;another
12115;another
12120;another
12127;another
12135;another
12143;another
12148;another
12149;another
12154;another
12161;another
12162;another
12165;another
12203;another
12208;another
12209;another
12212;another
12213;another
12214;another
12216;another
12239;another
12241;another
12261;another
12263;another
12269;another
12276;another
12280;another
12282;another
12284;another
12287;another
12298;another
12301;another
12304;another
12307;another
12311;another
12314;another
12316;another
12322;another
12325;another
12333;another
12334;another
12335;another
12338;another
12342;another
12347;another
12353;another
12363;another
12367;another
12370;another
12380;another
12383;another
12389;another
12392;another
12400;another
12401;another
12402;another
12405;another
12406;another
12410;another
12417;another
12421;another
12426;another
12429;another
12437;another
12440;another
12441;another
12453;another
12455;another
12478;another
12479;another
12485;another
12491;another
12502;another
12521;another
12535;another
12537;another
12539;another
12540;another
12542;another
12546;another
12549;another
12558;another
12559;another
12560;another
12561;another
12562;gothic
12563;another
12566;another
12569;another
12577;another
12596;another
12599;another
12606;another
12608;another
12623;another
12624;another
12626;another
12627;another
12628;another
12632;another
12646;another
12649;another
12654;another
12663;another
12670;another
12672;another
12676;another
12678;another
12679;another
12686;another
12699;another
12718;another
12721;another
12728;another
12733;another
12750;another
12752;another
12753;another
12774;another
12779;another
12784;gothic
12801;another
12808;another
12809;another
12811;another
12812;another
12814;another
12822;another
12823;another
12825;another
12830;another
12833;another
12857;another
12876;another
12877;another
12887;another
12889;another
12894;another
12897;another
12921;another
12928;another
12930;another
12932;another
12935;another
12937;another
12946;another
12978;another
12984;another
12987;another
12990;another
12993;another
12994;another
13002;another
13004;gothic
13006;another
13009;another
13017;another
13018;another
13027;another
13030;gothic
13032;another
13037;another
13048;another
13053;another
13059;another
13061;another
13062;another
13065;another
13067;another
13073;another
13077;another
13078;another
13091;another
13092;another
13094;another
13098;another
13102;another
13122;another
13123;another
13138;another
13142;another
13146;another
13148;another
13167;another
13174;another
13176;another
13177;another
13196;another
13200;another
13209;another
13230;another
13234;another
13236;another
13247;another
13260;another
13261;another
13265;another
13266;another
13267;another
13273;another
13282;another
13287;another
13288;another
13292;another
13296;another
13300;another
13310;another
13313;another
13319;another
13324;another
13327;another
13329;another
13339;another
13340;another
13342;another
13344;another
13362;another
13363;another
13365;another
13366;another
13372;another
13377;another
13382;another
13399;another
13401;another
13410;another
13417;another
13419;another
13424;another
13425;another
13435;another
13437;another
13439;another
13448;another
13450;another
13452;another
13454;another
13477;another
13482;another
13483;another
13491;another
13497;another
13500;another
13501;another
13502;another
13503;another
13509;another
13512;another
13522;another
13523;another
13525;another
13526;another
13529;another
13531;another
13544;another
13546;another
13549;another
13557;another
13565;another
13572;another
13574;another
13578;another
13579;another
13583;gothic
13587;another
13588;another
13594;another
13597;another
13603;another
13605;another
13610;another
13612;another
13613;another
13616;another
13617;another
13628;another
13629;another
13630;another
13635;another
13661;another
13669;another
13675;another
13680;another
13683;another
13697;another
13699;another
13702;another
13725;another
13729;another
13734;another
13735;another
13740;another
13741;another
13754;another
13774;another
13782;another
13795;another
13798;another
13815;another
13817;another
13822;another
13825;another
13828;another
13831;another
13838;another
13842;another
13844;another
13861;another
13863;another
13867;another
13870;another
13878;another
13879;another
13880;another
13883;another
13886;another
13888;another
13895;another
13900;another
13904;another
13911;another
13920;another
13921;another
13922;another
13924;another
13927;another
13929;another
13935;another
13938;another
13939;another
13940;another
13948;another
13950;another
13963;another
13965;another
13966;another
13971;another
13990;another
13992;another
13999;another
14004;another
14005;another
14006;another
14009;another
14011;another
14014;another
14018;another
14025;another
14031;another
14039;another
14041;another
14044;another
14046;another
14054;another
14062;another
14065;another
14073;another
14077;another
14080;another
14082;another
14086;another
14087;another
14088;another
14093;another
14104;another
14106;another
14107;another
14110;another
14117;another
14120;another
14127;another
14128;another
14135;another
14140;another
14141;another
14143;gothic
14144;another
14156;another
14157;another
14166;another
14169;another
14176;another
14177;another
14191;another
14193;another
14209;another
14210;another
14217;another
14223;another
14228;another
14240;another
14247;another
14254;another
14255;another
14264;another
14269;another
14274;another
14277;another
14285;another
14288;another
14289;another
14290;another
14292;another
14307;another
14312;another
14313;another
14314;another
14322;another
14327;another
14333;another
14342;another
14354;another
14360;another
14363;another
14365;another
14368;another
14375;another
14377;another
14380;another
14387;another
14397;another
14408;another
14410;another
14416;another
14418;another
14421;another
14428;another
14442;another
14443;another
14445;another
14457;another
14459;another
14460;another
14461;another
14462;another
14474;another
14477;another
14483;another
14487;another
14492;another
14495;another
14497;another
14498;another
14501;another
14509;another
14513;another
14523;another
14529;another
14530;another
14535;another
14537;another
14542;another
14543;another
14546;another
14553;another
14555;another
14556;another
14564;another
14566;another
14567;another
14575;another
14588;another
14592;another
14594;another
14598;another
14601;another
14606;another
14635;another
14647;another
14649;another
14654;another
14655;another
14660;another
14662;another
14664;another
14674;another
14684;another
14692;another
14695;another
14698;another
14699;another
14700;another
14706;another
14707;another
14708;another
14709;another
14710;another
14714;another
14715;another
14717;another
14724;another
14729;another
14747;another
14754;another
14757;another
14760;another
14764;another
14766;another
14773;another
14775;another
14776;another
14801;another
14806;another
14808;another
14814;another
14816;another
14819;another
14823;another
14826;another
14827;another
4;another
5;another
18;another
20;another
26;another
32;another
40;another
48;another
53;another
65;another
76;another
80;another
83;another
90;another
91;another
103;another
105;another
107;another
108;another
112;another
134;another
140;another
146;another
159;another
171;another
180;another
196;another
197;another
211;another
213;another
219;another
226;another
230;another
239;another
240;another
242;another
244;another
249;another
252;another
259;another
260;another
267;another
270;another
271;another
274;another
283;another
289;another
294;another
295;another
311;another
313;another
328;another
342;another
344;another
349;another
352;another
361;another
369;another
379;another
389;another
404;another
410;another
415;another
417;another
429;another
436;another
441;another
443;another
444;another
452;another
456;another
466;another
479;another
481;another
493;another
494;another
507;another
509;another
520;another
525;another
526;another
534;another
536;another
539;another
547;another
551;another
552;another
568;another
582;another
595;another
602;another
610;another
616;another
625;another
644;another
655;another
684;another
687;another
688;another
691;another
692;another
695;another
696;another
698;another
701;another
706;another
707;another
713;another
738;another
741;another
745;another
748;another
757;another
762;another
772;another
775;another
787;another
793;another
795;another
807;another
817;another
822;another
824;another
830;another
831;another
833;another
864;another
865;another
881;another
888;another
893;another
897;another
900;another
909;another
923;another
924;another
925;another
931;another
932;another
953;another
989;another
992;another
1015;another
1018;another
1024;another
1027;another
1032;another
1040;another
1045;another
1058;another
1064;another
1075;another
1082;another
1086;another
1097;another
1104;another
1105;another
1106;another
1108;another
1121;another
1123;another
1128;another
1129;another
1131;another
1138;another
1143;another
1144;another
1146;another
1150;another
1151;another
1165;another
1170;another
1174;another
1179;another
1189;another
1190;another
1201;another
1204;another
1208;another
1209;another
1211;another
1216;another
1221;another
1243;another
1249;another
1251;another
1255;another
1257;another
1264;another
1267;another
1276;another
1280;another
1285;another
1295;another
1298;another
1316;another
1320;another
1324;another
1329;another
1334;another
1336;another
1353;another
1355;another
1374;another
1376;another
1379;another
1383;another
1386;another
1391;another
1394;another
1396;another
1401;another
1404;another
1408;another
1409;another
1418;another
1425;another
1435;another
1448;another
1458;another
1459;another
1463;another
1465;another
1482;another
1489;another
1490;another
1495;another
1497;another
1506;another
1510;gothic
1517;another
1518;another
1525;another
1531;another
1533;another
1535;another
1538;another
1544;another
1546;another
1549;another
1550;another
1552;another
1557;another
1562;another
1573;another
1582;another
1594;another
1596;another
1598;another
1602;another
1613;another
1617;another
1623;another
1631;another
1633;another
1634;another
1635;another
1639;another
1686;another
1689;another
1704;another
1705;another
1720;another
1727;another
1741;another
1743;another
1753;another
1759;another
1766;another
1773;another
1778;another
1792;another
1798;another
1799;another
1807;another
1817;another
1853;another
1855;another
1860;another
1862;another
1865;another
1882;another
1885;another
1887;another
1889;another
1894;another
1895;another
1900;another
1903;another
1906;another
1908;another
1917;another
1919;another
1923;another
1930;another
1931;another
1955;another
1961;another
1964;another
1970;another
1984;another
1987;another
1999;another
2003;another
2004;another
2011;gothic
2034;another
2036;another
2040;another
2049;another
2054;another
2060;another
2073;another
2075;another
2086;another
2087;another
2090;another
2092;another
2093;another
2095;another
2107;another
2109;another
2120;another
2123;another
2132;another
2154;another
2172;another
2173;another
2175;gothic
2183;another
2196;another
2204;another
2206;another
2208;another
2209;another
2213;another
2214;another
2223;another
2229;another
2231;another
2232;another
2240;another
2244;another
2253;another
2254;another
2255;another
2274;another
2283;another
2285;another
2290;another
2293;another
2296;another
2297;another
2314;another
2319;another
2320;another
2324;another
2334;another
2339;another
2345;another
2346;another
2355;another
2358;another
2361;another
2371;another
2373;another
2377;another
2385;another
2390;another
2391;another
2399;another
2416;another
2420;another
2423;another
2424;another
2426;another
2437;another
2438;another
2443;another
2445;another
2450;another
2452;another
2458;another
2459;another
2460;another
2470;another
2471;another
2473;another
2474;another
2482;another
2483;another
2493;another
2497;another
2510;another
2511;another
2522;another
2529;another
2530;another
2532;another
2546;another
2547;another
2552;another
2553;another
2555;another
2556;another
2560;another
2566;another
2569;another
2582;another
2585;another
2588;another
2589;another
2595;another
2606;another
2607;another
2608;another
2614;another
2616;another
2623;another
2627;another
2639;another
2640;another
2642;another
2649;another
2654;another
2655;another
2656;another
2667;another
2687;another
2703;another
2707;another
2717;another
2722;another
2723;another
2726;another
2742;another
2754;another
2756;another
2772;another
2779;another
2801;another
2813;another
2816;another
2820;another
2830;another
2843;another
2845;another
2849;another
2861;another
2862;another
2864;another
2867;another
2868;another
2889;another
2897;another
2899;another
2900;another
2901;another
2921;another
2929;another
2939;another
2940;another
2952;another
2955;another
2960;another
2968;another
2970;another
2973;another
2986;another
2987;another
2996;another
2998;another
3001;another
3007;another
3011;another
3017;another
3029;another
3030;another
3031;another
3035;another
3042;another
3055;another
3057;another
3058;another
3061;another
3069;another
3077;another
3079;another
3081;another
3088;another
3091;another
3092;another
3093;another
3094;another
3102;another
3119;another
3129;another
3137;another
3141;another
3143;another
3149;another
3159;another
3160;another
3161;another
3163;another
3170;another
3174;another
3176;another
3181;another
3182;another
3184;another
3186;another
3190;another
3200;another
3201;another
3203;another
3205;another
3210;another
3211;another
3216;another
3217;another
3218;another
3226;another
3229;another
3234;another
3237;another
3240;another
3243;another
3252;another
3256;another
3271;another
3272;another
3277;another
3293;another
3295;another
3311;another
3339;another
3341;another
3343;another
3353;another
3357;another
3360;another
3369;another
3370;another
3378;another
3382;another
3391;another
3396;another
3402;another
3415;another
3417;another
3422;another
3429;another
3438;another
3439;another
3448;another
3456;another
3458;another
3462;another
3471;another
3475;another
3476;another
3479;another
3483;another
3484;another
3500;another
3509;another
3516;another
3525;another
3533;another
3534;another
3535;another
3543;another
3557;another
3559;another
3568;another
3572;another
3586;another
3589;another
3596;another
3599;another
3601;another
3609;another
3615;another
3617;another
3620;another
3626;another
3629;another
3630;another
3631;another
3641;another
3660;another
3663;another
3665;another
3700;another
3704;another
3705;another
3708;another
3712;another
3715;another
3729;another
3733;another
3742;another
3746;another
3754;another
3757;another
3760;another
3762;another
3770;another
3771;another
3774;another
3780;another
3786;another
3790;another
3794;another
3804;another
3806;another
3809;another
3817;another
3819;another
3820;another
3825;another
3835;another
3846;another
3850;another
3854;another
3860;another
3861;another
3863;another
3866;another
3867;another
3885;another
3886;another
3901;another
3915;another
3918;another
3924;another
3926;another
3927;another
3930;another
3936;another
3937;another
3942;another
3948;another
3959;another
3964;another
3968;another
3970;another
3971;another
3972;another
3973;another
3983;another
3994;another
3998;another
4005;another
4009;another
4011;another
4012;another
4013;another
4022;another
4025;another
4026;another
4028;another
4032;another
4048;another
4056;another
4057;another
4062;another
4079;another
4081;another
4083;another
4090;another
4095;another
4097;another
4113;another
4119;another
4126;another
4129;another
4135;another
4139;another
4145;another
4147;another
4148;another
4155;another
4161;another
4166;another
4183;another
4196;another
4208;another
4216;another
4221;another
4224;another
4227;another
4233;another
4241;another
4243;another
4245;another
4253;another
4254;another
4265;another
4266;another
4271;another
4273;another
4287;another
4291;another
4294;another
4297;another
4298;another
4305;another
4314;another
4317;another
4323;another
4338;another
4351;another
4360;another
4378;another
4380;another
4381;another
4391;another
4394;another
4395;another
4400;another
4404;another
4405;another
4410;another
4412;another
4440;another
4446;another
4451;another
4453;another
4455;another
4459;another
4460;another
4462;another
4465;another
4469;another
4477;another
4478;another
4481;another
4488;another
4490;another
4501;another
4515;another
4521;another
4545;another
4548;another
4553;another
4555;another
4556;another
4558;another
4560;another
4562;another
4578;another
4580;another
4597;another
4603;another
4612;another
4614;another
4615;another
4625;another
4630;another
4657;another
4660;another
4671;another
4683;another
4684;another
4690;another
4692;another
4696;another
4701;another
4711;another
4721;another
4726;another
4728;another
4739;another
4742;another
4745;another
4746;another
4753;another
4756;another
4759;another
4766;another
4767;another
4792;another
4806;another
4811;another
4814;another
4816;another
4819;another
4831;another
4836;another
4837;another
4845;another
4855;another
4859;another
4867;another
4871;another
4872;another
4883;another
4885;another
4891;another
4914;another
4920;another
4931;another
4952;another
4983;another
4986;another
5001;another
5003;another
5006;another
5007;another
5020;another
5027;another
5028;another
5033;another
5036;another
5043;another
5046;another
5058;another
5063;another
5064;another
5068;another
5075;another
5080;another
5081;another
5082;another
5084;another
5091;another
5096;another
5102;another
5104;another
5105;another
5106;another
5109;another
5117;another
5119;another
5121;another
5127;another
5132;another
5133;another
5136;another
5157;another
5158;another
5196;another
5199;another
5201;another
5204;another
5212;another
5220;another
5223;another
5226;another
5227;another
5234;another
5236;another
5244;another
5245;another
5252;another
5256;another
5261;another
5265;gothic
5266;another
5278;another
5281;another
5282;another
5284;another
5285;another
5309;another
5313;another
5315;another
5324;another
5330;another
5333;another
5337;another
5348;another
5354;another
5355;another
5356;another
5357;another
5359;another
5367;another
5369;another
5377;another
5383;another
5384;another
5386;another
5389;another
5392;another
5393;another
5394;another
5402;another
5409;another
5410;another
5421;another
5424;another
5435;another
5447;another
5452;another
5453;another
5475;another
5482;another
5493;another
5502;another
5506;another
5507;another
5518;another
5524;another
5526;another
5534;another
5535;another
5544;another
5548;another
5570;another
5572;another
5576;another
5577;another
5580;another
5593;another
5601;another
5603;another
5617;another
5624;another
5629;another
5635;another
5645;another
5650;another
5654;another
5656;another
5661;another
5681;another
5682;another
5696;another
5706;another
5710;another
5712;another
5721;another
5726;another
5738;another
5743;another
5752;another
5754;another
5760;another
5764;another
5766;another
5799;another
5800;another
5804;another
5819;another
5821;another
5823;another
5824;another
5836;another
5843;another
5845;another
5861;another
5864;another
5868;another
5872;another
5877;another
5880;another
5885;another
5890;another
5893;another
5901;another
5902;another
5911;another
5912;another
5918;another
5928;another
5935;another
5936;another
5947;another
5948;another
5949;another
5967;another
5971;another
5981;another
5994;another
5995;another
5997;another
6004;another
6007;another
6016;another
6023;another
6024;another
6027;another
6029;another
6032;another
6034;another
6035;another
6043;another
6045;another
6059;another
6087;another
6089;another
6090;another
6094;another
6104;another
6108;another
6117;another
6121;another
6122;another
6127;another
6129;another
6133;another
6135;another
6140;another
6141;another
6146;another
6164;another
6165;another
6166;another
6168;another
6173;another
6175;another
6179;another
6185;another
6189;another
6197;another
6209;another
6221;another
6226;another
6238;another
6239;another
6244;another
6254;another
6263;another
6264;another
6267;another
6268;another
6291;another
6300;another
6301;another
6304;another
6307;another
6311;another
6322;another
6369;another
6374;another
6395;another
6399;another
6401;another
6407;another
6409;another
6411;another
6416;another
6421;another
6430;another
6442;another
6459;another
6461;another
6476;another
6481;another
6485;another
6487;another
6490;another
6500;gothic
6502;another
6504;another
6519;another
6529;another
6544;another
6557;another
6559;another
6561;another
6564;another
6570;another
6582;another
6587;another
6605;another
6607;another
6615;another
6619;another
6620;another
6630;another
6631;another
6632;another
6651;another
6656;another
6657;another
6663;another
6677;another
6678;another
6679;another
6686;another
6702;another
6717;another
6718;another
6721;another
6723;another
6724;another
6725;another
6727;another
6728;another
6729;another
6736;another
6745;another
6754;another
6762;another
6768;another
6769;another
6771;another
6772;another
6773;another
6774;another
6786;another
6789;another
6790;another
6791;another
6797;another
6803;another
6807;another
6818;another
6822;another
6830;another
6833;another
6839;another
6863;another
6868;another
6913;another
6914;another
6915;another
6931;another
6935;another
6939;another
6942;another
6945;another
6946;another
6953;another
6956;another
6957;another
6958;another
6960;another
6965;another
6979;another
6983;another
6991;another
6992;another
6994;another
7003;another
7011;another
7020;another
7023;another
7024;another
7037;another
7039;another
7046;another
7055;another
7064;another
7086;another
7090;another
7092;another
7093;another
7101;another
7133;another
7139;another
7142;another
7151;another
7160;another
7162;another
7170;another
7177;another
7182;another
7184;another
7191;another
7197;another
7198;another
7213;another
7225;another
7232;another
7235;another
7236;another
7237;another
7241;another
7242;another
7248;another
7258;another
7261;another
7262;another
7275;another
7284;another
7299;another
7302;another
7303;another
7305;another
7316;another
7319;another
7321;another
7332;another
7333;another
7337;another
7339;another
7342;another
7350;another
7357;another
7363;another
7371;another
7388;another
7396;another
7398;another
7401;another
7409;another
7410;another
7414;another
7423;another
7425;another
7428;another
7437;another
7440;another
7441;another
7443;another
7446;another
7447;another
7454;another
7460;another
7472;another
7477;gothic
7487;gothic
7490;another
7491;another
7493;another
7506;another
7514;another
7523;another
7536;another
7542;another
7543;another
7546;another
7553;gothic
7554;another
7558;another
7561;another
7574;another
7589;another
7592;another
7595;another
7601;another
7606;another
7610;another
7614;another
7630;another
7637;another
7639;another
7640;another
7641;another
7655;another
7662;another
7668;another
7672;another
7695;another
7696;another
7704;another
7705;another
7718;another
7723;another
7727;another
7730;another
7738;another
7742;another
7746;another
7749;another
7753;another
7755;another
7756;another
7757;another
7759;another
7767;another
7779;another
7802;another
7803;another
7808;another
7816;another
7818;another
7820;another
7822;another
7825;another
7827;another
7831;another
7841;another
7845;another
7847;gothic
7850;another
7857;another
7860;another
7863;another
7868;another
7899;another
7900;another
7901;another
7907;another
7926;another
7935;another
7936;another
7938;another
7942;another
7958;another
7959;another
7961;another
7969;another
7972;another
7975;another
7979;another
7980;another
7992;another
8027;another
8048;another
8060;another
8066;another
8076;another
8078;another
8082;another
8084;another
8086;gothic
8091;another
8093;another
8108;another
8111;another
8114;another
8127;another
8128;another
8133;another
8135;another
8136;another
8137;another
8138;another
8146;another
8166;another
8175;another
8178;another
8184;another
8186;another
8187;another
8193;another
8214;another
8221;another
8222;another
8229;another
8235;another
8239;another
8240;another
8242;another
8255;another
8257;another
8261;another
8265;another
8266;another
8270;another
8273;another
8278;another
8285;another
8292;another
8297;another
8301;another
8321;another
8322;another
8336;another
8345;another
8355;another
8363;another
8369;another
8373;another
8374;another
8384;another
8385;another
8390;another
8391;another
8408;another
8419;another
8422;another
8426;another
8432;another
8434;another
8441;another
8443;another
8444;another
8449;another
8457;another
8458;another
8460;another
8470;another
8475;another
8478;another
8482;another
8486;another
8498;another
8501;another
8522;another
8525;another
8527;another
8537;another
8541;another
8551;another
8554;another
8555;another
8558;another
8559;another
8562;another
8572;another
8574;another
8586;gothic
8596;another
8604;another
8611;another
8612;another
8620;another
8637;another
8648;another
8652;another
8653;another
8657;another
8661;another
8662;another
8674;another
8683;another
8701;another
8705;another
8706;another
8707;another
8708;another
8717;another
8727;another
8730;another
8734;another
8735;another
8743;another
8752;another
8771;another
8777;another
8779;another
8790;another
8808;another
8811;another
8812;another
8822;another
8823;another
8826;another
8837;another
8845;another
8848;another
8851;another
8854;another
8856;another
8862;another
8864;another
8871;another
8877;another
8880;another
8889;another
8897;another
8909;another
8913;another
8917;another
8918;another
8926;another
8928;gothic
8930;another
8931;another
8936;another
8941;another
8948;another
8951;another
8952;another
8953;another
8960;another
8974;another
8978;another
8983;another
8990;another
8993;another
9011;another
9012;another
9028;another
9030;another
9033;another
9042;another
9047;another
9061;another
9063;another
9065;another
9077;another
9078;another
9085;another
9089;another
9090;another
9100;another
9103;another
9112;another
9114;another
9117;another
9126;another
9139;another
9148;another
9157;another
9161;another
9162;another
9170;another
9171;another
9176;another
9178;another
9182;another
9187;another
9188;another
9198;another
9200;another
9206;another
9207;another
9210;another
9223;another
9224;another
9258;another
9259;another
9265;another
9268;another
9269;another
9295;another
9297;another
9301;another
9308;another
9310;another
9313;another
9326;another
9327;another
9330;another
9340;another
9352;another
9366;another
9369;another
9374;another
9375;another
9387;another
9392;another
9397;another
9400;another
9411;another
9421;another
9426;another
9440;another
9457;another
9460;another
9467;another
9472;another
9480;another
9490;another
9494;another
9501;another
9511;another
9533;another
9535;another
9542;another
9544;another
9546;another
9551;another
9557;another
9558;another
9559;another
9560;another
9580;another
9586;another
9592;another
9603;another
9604;another
9606;another
9608;another
9611;another
9614;another
9620;another
9622;another
9633;another
9635;another
9637;another
9640;another
9641;another
9646;another
9647;another
9649;another
9654;another
9656;another
9663;another
9665;another
9668;another
9674;another
9675;another
9679;another
9684;another
9686;another
9691;another
9694;another
9711;another
9724;another
9728;another
9738;another
9751;another
9754;another
9757;another
9758;another
9767;another
9768;another
9769;another
9770;another
9775;another
9778;another
9792;another
9794;another
9800;another
9806;another
9810;another
9811;another
9816;another
9818;another
9821;another
9833;another
9835;another
9837;another
9843;another
9855;another
9859;another
9861;another
9864;another
9868;another
9870;another
9871;another
9879;another
9886;another
9888;another
9903;another
9908;another
9913;another
9920;another
9922;another
9928;another
9949;another
9953;another
9954;another
9955;another
9960;another
9961;another
9982;another
9987;another
9988;another
9992;another
9996;another
9999;another
10009;another
10015;another
10016;another
10018;another
10021;another
10024;another
10033;another
10041;another
10042;another
10055;another
10056;another
10059;another
10064;another
10073;another
10080;another
10084;another
10087;another
10088;another
10098;another
10102;another
10108;another
10112;another
10117;another
10139;another
10141;another
10142;another
10144;another
10145;another
10149;another
10150;another
10152;another
10154;another
10158;another
10160;another
10168;another
10173;another
10180;another
10181;another
10185;another
10191;another
10195;another
10196;another
10201;another
10205;another
10210;another
10217;another
10221;another
10225;another
10228;another
10244;another
10245;another
10259;another
10272;another
10286;another
10293;another
10296;another
10312;another
10327;another
10329;another
10331;another
10336;another
10344;another
10354;another
10359;another
10366;another
10370;another
10371;another
10386;another
10388;another
10392;another
10417;another
10423;another
10428;another
10429;another
10432;another
10440;another
10443;another
10444;another
10449;another
10450;another
10475;another
10478;another
10479;another
10483;another
10486;another
10487;another
10488;another
10489;another
10492;another
10532;another
10540;another
10546;another
10548;another
10564;another
10572;another
10583;another
10589;another
10591;another
10611;another
10613;another
10620;another
10623;another
10630;another
10646;another
10647;another
10652;another
10653;another
10658;gothic
10666;another
10670;another
10680;another
10705;another
10709;another
10710;another
10712;another
10716;another
10717;another
10719;another
10723;another
10726;another
10733;another
10748;another
10758;another
10767;another
10770;another
10776;another
10788;another
10809;another
10817;another
10833;another
10835;another
10872;another
10882;another
10900;another
10907;another
10913;another
10919;another
10922;another
10923;another
10929;another
10954;another
10957;another
10961;another
10966;another
10971;another
10985;another
10994;another
11002;another
11007;another
11011;another
11019;another
11025;another
11031;another
11046;another
11057;another
11060;another
11062;another
11066;another
11072;another
11077;another
11080;another
11082;another
11086;another
11089;gothic
11098;another
11103;another
11108;another
11109;another
11113;another
11119;another
11122;another
11125;another
11126;another
11137;another
11142;another
11156;another
11161;another
11166;another
11175;gothic
11183;another
11186;another
11197;another
11202;another
11205;another
11212;another
11213;gothic
11234;another
11261;another
11272;another
11277;another
11287;another
11299;another
11304;another
11313;another
11328;another
11337;another
11348;another
11351;another
11355;another
11357;another
11359;another
11360;another
11361;another
11370;another
11382;another
11394;another
11396;another
11399;another
11415;another
11419;another
11430;another
11439;another
11447;another
11449;another
11451;another
11460;gothic
11482;another
11493;another
11497;another
11498;another
11500;another
11502;another
11504;another
11508;another
11516;another
11542;another
11550;another
11551;another
11576;another
11577;another
11592;another
11600;another
11607;another
11622;another
11629;another
11634;another
11638;another
11643;another
11646;another
11659;another
11682;another
11691;another
11693;another
11696;another
11697;another
11698;another
11712;another
11713;another
11718;another
11719;another
11721;another
11734;another
11756;another
11759;another
11768;another
11781;another
11782;another
11798;another
11813;another
11816;another
11819;another
11852;another
11855;another
11874;another
11893;another
11896;another
11898;another
11902;another
11904;another
11912;another
11916;another
11918;another
11926;another
11931;another
11938;another
11942;another
11943;another
11947;another
11949;another
11956;another
11958;another
11968;another
11972;another
11979;another
11982;another
11991;another
11997;another
11999;another
12010;another
12024;another
12032;another
12049;another
12060;another
12066;another
12083;another
12088;another
12090;another
12093;another
12095;another
12104;another
12106;another
12110;another
12132;another
12137;another
12153;another
12163;another
12170;another
12171;another
12184;another
12185;another
12192;another
12201;another
12206;another
12215;another
12217;another
12223;another
12225;another
12227;another
12228;another
12231;another
12233;another
12248;another
12253;another
12254;another
12255;another
12259;another
12270;another
12274;another
12289;another
12291;another
12293;another
12331;another
12332;another
12352;another
12358;another
12361;another
12368;another
12376;another
12382;another
12385;another
12393;another
12394;another
12395;another
12396;another
12414;another
12422;another
12424;another
12434;another
12439;another
12449;another
12472;another
12474;another
12482;another
12492;another
12503;another
12510;another
12514;another
12522;another
12524;another
12526;gothic
12529;another
12552;another
12567;another
12572;another
12575;another
12576;another
12589;another
12595;another
12609;another
12630;another
12633;another
12639;another
12644;another
12647;another
12648;another
12651;another
12652;another
12657;another
12660;another
12669;another
12673;another
12683;another
12695;another
12705;another
12709;another
12716;another
12722;another
12725;another
12734;another
12737;another
12747;another
12758;another
12760;another
12762;another
12764;another
12768;another
12775;another
12777;another
12783;another
12785;gothic
12789;another
12793;another
12795;another
12797;another
12804;another
12807;another
12810;another
12813;another
12818;another
12824;another
12836;another
12840;another
12842;another
12844;another
12845;another
12851;gothic
12853;another
12855;another
12859;another
12860;another
12861;another
12862;another
12863;another
12874;another
12880;another
12881;another
12886;another
12895;another
12901;another
12905;another
12906;another
12916;another
12917;another
12918;another
12923;another
12925;another
12938;another
12942;another
12944;another
12950;another
12955;another
12961;another
12962;another
12972;another
12976;another
12983;another
12985;another
12986;another
12992;another
12999;another
13000;another
13013;another
13015;another
13028;another
13044;another
13060;gothic
13069;another
13081;another
13088;another
13093;another
13097;another
13099;another
13105;another
13125;another
13140;another
13149;another
13150;another
13151;another
13161;another
13163;another
13168;another
13175;another
13180;another
13205;another
13206;another
13208;another
13211;another
13212;another
13215;another
13222;another
13228;another
13231;another
13240;another
13248;another
13249;another
13255;another
13258;another
13259;another
13264;another
13268;another
13269;another
13272;another
13276;another
13285;another
13298;another
13301;another
13307;another
13309;another
13318;another
13325;another
13326;another
13330;another
13331;another
13333;another
13334;another
13341;another
13345;another
13346;another
13349;another
13360;another
13379;another
13384;another
13394;another
13396;another
13406;another
13409;another
13411;another
13415;another
13420;another
13442;another
13453;another
13456;another
13468;another
13486;another
13495;another
13515;another
13517;another
13524;another
13543;another
13550;another
13559;another
13561;another
13562;another
13575;another
13584;another
13586;another
13602;another
13604;another
13607;another
13609;another
13618;another
13621;another
13625;another
13634;another
13643;another
13645;another
13656;another
13667;another
13676;another
13709;another
13716;another
13717;another
13730;another
13742;another
13744;another
13746;another
13753;another
13758;another
13763;another
13766;another
13769;another
13778;another
13793;another
13801;another
13809;another
13810;another
13813;another
13819;another
13820;another
13823;gothic
13851;another
13853;another
13856;another
13859;another
13860;another
13872;another
13875;another
13889;another
13893;another
13897;another
13902;another
13907;another
13910;another
13928;another
13931;another
13937;another
13946;another
13956;another
13958;another
13972;another
13974;another
13975;another
13978;another
13983;another
13985;another
13988;another
13991;another
13994;another
14013;another
14021;another
14022;another
14024;another
14047;another
14050;another
14053;another
14060;another
14070;another
14075;another
14079;another
14083;another
14084;another
14091;another
14101;another
14109;another
14119;another
14125;another
14142;another
14153;another
14155;another
14160;another
14161;another
14178;another
14181;another
14183;another
14185;another
14186;another
14197;another
14202;another
14203;another
14204;another
14206;another
14207;another
14222;another
14230;another
14242;gothic
14244;another
14245;another
14248;another
14252;another
14253;another
14257;another
14263;another
14272;another
14273;another
14284;another
14294;another
14295;another
14296;another
14302;gothic
14315;another
14316;another
14324;another
14330;another
14338;another
14341;another
14344;another
14348;another
14349;another
14355;another
14361;another
14362;another
14379;another
14389;another
14390;another
14391;another
14394;another
14395;another
14400;another
14404;another
14411;another
14426;another
14430;another
14438;another
14439;another
14440;another
14450;another
14456;another
14466;another
14470;another
14473;another
14481;another
14484;another
14494;another
14496;another
14502;another
14511;another
14524;another
14525;another
14533;another
14539;another
14547;another
14559;another
14563;another
14579;another
14581;another
14591;another
14593;another
14596;another
14599;another
14602;another
14604;another
14607;another
14611;another
14614;another
14615;another
14625;another
14626;another
14629;another
14631;another
14638;another
14643;another
14657;another
14658;another
14661;another
14665;another
14667;another
14702;another
14703;another
14720;another
14732;another
14734;another
14759;another
14767;another
14769;another
14772;another
14777;another
14779;another
14789;another
14795;another
14796;another
14812;another
14821;another
